ID,Title,Author,Year,Format,File
1,Transportasi,bookbot,2024,PDF,ebook/Transportasi.pdf
2,Belalai Tiwi,bookbot,2023,PDF,ebook/Belalai Tiwi.pdf
3,Terbang Tinggi,bookbot,2024,PDF,ebook/Terbang Tinggi.pdf
4,Aum, Aum, Dinosaurus!,bookbot,2024,PDF,ebook/Aum, Aum, Dinosaurus!.pdf
5,Menunggu Apa, Kak,bookbot,2023,PDF,ebook/Menunggu Apa, Kak.pdf
6,Tebak, Tebak, Hewan Apa?,bookbot,2024,PDF,ebook/Tebak, Tebak, Hewan Apa?, Kak.pdf
7,Senangnya Menolong Adik,bookbot,2023,PDF,ebook/Senangnya Menolong Adik.pdf
8,Jika Kamu Tinggal di Bulan,bookbot,2023,PDF,ebook/Jika Kamu Tinggal di Bulan.pdf
9,Jarit Yang Mana?,bookbot,2023,PDF,ebook/Jarit Yang Mana?.pdf
10,Asyiknya Menolong,bookbot,2023,PDF,ebook/Asyiknya Menolong.pdf
